{
  "flows": [
    {
      "id": "1", 
      "title": "Breathe & Meditate",
      "description": "Ease into your practice with gentle postures, deep breathing exercises, and mindfulness techniques designed to calm the mind, reduce stress, and cultivate inner peace.",
      "image": "https://i.pinimg.com/736x/22/f8/06/22f806046b5eddb72b4648936a7074b9.jpg",
      "poses": [
        {
          "name": "Standing Side Stretch",
          "image": "https://www.sheknows.com/wp-content/uploads/2018/08/vv7a9gdonpr46ocl7vk4.gif?w=600",
          "instructions": "1. Stand tall and raise both arms overhead.\n2. Clasp hands and gently lean to one side.\n3. Breathe deeply and switch sides.", 
          "duration": "1 min",
          "audio": "standing-side-stretch.mp3"
        },
        {
          "name": "Tree Pose",
          "image": "https://www.sheknows.com/wp-content/uploads/2018/08/gijnkznlgwzt0bcb1bgp.gif?w=600", 
          "instructions": "1. Balance on one leg and place the other on your inner thigh.\n2. Bring hands to heart center or raise overhead.\n3. Focus on a point and breathe steadily.", 
          "duration": "1 min",
          "audio": "tree-pose.mp3"
        },
        {
          "name": "Bound Angle Pose",
          "image": "https://www.sheknows.com/wp-content/uploads/2018/08/gmgcbkyssvaetasg6ux3.gif?w=600", 
          "instructions": "1. Sit with feet together and knees out to the sides.\n2. Hold your feet or ankles with your hands.\n3. Gently press knees down and breathe.", 
          "duration": "2 min",
          "audio": "bound-angle-pose.mp3"
        }
      ]
    },
    {
      "id": "2", 
      "title": "Gentle Flow",
      "description": "A slow-paced sequence of foundational poses that improve flexibility and joint mobility, perfect for beginners or anyone looking for a restorative, low-impact session.",
      "image": "https://i.pinimg.com/736x/ac/4f/df/ac4fdfad7a930efe6bbcdca3fe0a0098.jpg",
      "poses": [
        {
          "name": "Seated Forward Bend",
          "image": "https://www.sheknows.com/wp-content/uploads/2018/08/wqwoywcreesk3jvgeizf.gif?w=600",
          "instructions": "1. Sit with legs extended in front of you.\n2. Inhale, then exhale and fold forward from the hips.\n3. Reach for your feet and relax your neck.", 
          "duration": "1 min",
          "audio": "seated-forward-bend.mp3"
        },
        {
          "name": "Cat-Cow Stretch",
          "image": "https://www.sheknows.com/wp-content/uploads/2018/08/jwmpi0rqipzgycnv7aqf.gif?w=600",
          "instructions": "1. Start on all fours with wrists under shoulders.\n2. Inhale to arch your back (cow), lifting your head.\n3. Exhale to round your spine (cat), tucking chin.", 
          "duration": "1 min",
          "audio": "cat-cow.mp3"
        },
        {
          "name": "Triangle Pose",
          "image": "https://www.sheknows.com/wp-content/uploads/2018/08/j6ulwm7h37ijipo2hqa6.gif?w=600", 
          "instructions": "1. Step feet wide and turn front foot out.\n2. Extend arms and reach forward, then down.\n3. Raise other arm up and gaze at your hand.", 
          "duration": "1 min",
          "audio": "triangle-pose.mp3"
        }
      ]
    },
    {
      "id": "3",
      "title": "Core & Strength Flow",
      "description": "Power up your practice with dynamic movements and targeted core work that build stability, tone muscles, and boost overall endurance—ideal if you want to feel strong and energized.",
      "image": "https://i.pinimg.com/736x/7d/16/6f/7d166fd207b6fd1e3afff6d247528a62.jpg",
      "poses": [
        {
          "name": "Boat Pose",
          "image": "https://www.sheknows.com/wp-content/uploads/2018/08/qycnrgrlkywcpyin4vgu.gif?w=600",
          "instructions": "1. Sit and lift your legs to a V-shape.\n2. Extend your arms forward, parallel to the floor.\n3. Engage your core and hold the position.", 
          "duration": "1 min",
          "audio": "boat-pose.mp3"
        },
        {
          "name": "Side Plank Pose",
          "image": "https://www.sheknows.com/wp-content/uploads/2018/08/jpzzccg4e8pvdkvvlrd6.gif?w=600",
          "instructions": "1. Begin in plank and shift weight to one side.\n2. Stack feet and raise top arm to the sky.\n3. Keep hips lifted and core strong.", 
          "duration": "1 min",
          "audio": "side-plank-pose.mp3"
        },
        {
          "name": "Chair Pose",
          "image": "https://www.sheknows.com/wp-content/uploads/2018/08/mmdauls4w7zlxwyauj39.gif?w=600",
          "instructions": "1. Stand with feet together and bend knees.\n2. Reach arms overhead, keeping back straight.\n3. Shift weight into heels and hold.", 
          "duration": "2 min",
          "audio": "chair-pose.mp3"
        }
      ]
    }
  ]
}
