{
    "flows": [
      {
        "id": "1", 
        "title": "Breathe & Meditate",
        "image": "https://i.pinimg.com/474x/2f/f4/ce/2ff4ceeef4f68886bf8ce62eaad8bda9.jpg"
      },
      {
        "id": "2", 
        "title": "Gentle Flow",
        "image": "https://i.pinimg.com/736x/f4/32/7d/f4327d227261df4ba51ce85deb215011.jpg"
      },
      {
        "id": "3",
        "title": "Core & Strength Flow",
        "image": "https://i.pinimg.com/474x/c3/16/eb/c316ebaf445233046e2c3b91d30c6278.jpg"
      }
    ]
  }
  